                  epoch,         train/box_loss,         train/seg_loss,         train/cls_loss,         train/dfl_loss,   metrics/precision(B),      metrics/recall(B),       metrics/mAP50(B),    metrics/mAP50-95(B),   metrics/precision(M),      metrics/recall(M),       metrics/mAP50(M),    metrics/mAP50-95(M),           val/box_loss,           val/seg_loss,           val/cls_loss,           val/dfl_loss,                 lr/pg0,                 lr/pg1,                 lr/pg2
                      1,                0.92033,                 1.5037,                 1.4587,                 1.3385,                0.61476,                0.85981,                0.83455,                0.49064,                 0.6014,                0.84112,                0.77304,                0.55357,                 1.2523,                 3.0348,                  4.112,                 2.1205,             0.00065778,             0.00065778,             0.00065778
                      2,                 1.2858,                 1.7834,                 1.5994,                 1.6004,                0.32727,                0.16822,                 0.1508,                0.06022,                0.36364,                0.18692,                0.10895,                0.04108,                 1.9641,                 6.9616,                 12.569,                 2.8942,              0.0013179,              0.0013179,              0.0013179
                      3,                 1.4905,                 1.9736,                 1.5416,                 1.6954,                0.30465,                0.51402,                0.27344,                0.12157,                 0.2774,                0.50467,                0.24744,                0.12227,                 1.6185,                  3.472,                 3.1535,                 2.3847,              0.0019714,              0.0019714,              0.0019714
                      4,                 1.4553,                 2.0504,                 1.6824,                 1.7136,                0.06123,                0.71963,                0.05881,                0.02894,                0.05816,                0.71028,                0.05354,                 0.0248,                 1.7188,                 6.4812,                 14.693,                 2.5415,              0.0019703,              0.0019703,              0.0019703
                      5,                 1.3309,                 1.8293,                 1.3755,                 1.6001,                 0.2632,                 0.3372,                0.18616,                0.10519,                 0.3028,                0.31256,                0.19781,                0.10649,                 1.9195,                 2.5503,                 4.1388,                  2.333,              0.0019703,              0.0019703,              0.0019703
                      6,                 1.2938,                 1.7829,                 1.2215,                 1.6093,                0.84419,                0.88785,                0.93513,                0.57248,                0.81604,                0.85981,                0.88624,                0.57874,                 1.1844,                 2.1162,                 1.2848,                 1.8775,              0.0019604,              0.0019604,              0.0019604
                      7,                 1.2664,                 1.9397,                 1.2576,                  1.592,                0.83288,                0.74524,                0.83186,                0.46994,                0.82215,                0.73446,                0.80578,                0.55645,                 1.4777,                 1.8607,                 1.3538,                 2.0644,              0.0019505,              0.0019505,              0.0019505
                      8,                 1.2771,                 1.6109,                 1.1697,                 1.5594,                0.82583,                0.84194,                0.89884,                0.59238,                0.85679,                0.83873,                0.89241,                0.64334,                 1.2209,                 1.7684,                 1.1263,                 1.9118,              0.0019406,              0.0019406,              0.0019406
                      9,                 1.1734,                 1.4531,                 1.0542,                  1.478,                0.83567,                 0.7757,                0.88487,                0.53315,                0.82525,                 0.7757,                0.86228,                0.62198,                 1.2592,                 1.4086,                 1.3217,                 1.8201,              0.0019307,              0.0019307,              0.0019307
                     10,                 1.1652,                 1.6134,                 1.1316,                 1.4843,                0.82515,                0.86916,                0.92689,                0.61577,                0.82049,                0.83178,                0.87382,                0.60508,                 1.0924,                  1.995,                 1.1444,                 1.6698,              0.0019208,              0.0019208,              0.0019208
                     11,                 1.1491,                 1.7067,                  1.114,                 1.5096,                0.87717,                 0.8009,                0.90403,                0.57323,                0.85788,                0.79439,                0.86312,                0.63406,                 1.1958,                 1.5227,                 1.0218,                 1.7924,              0.0019109,              0.0019109,              0.0019109
                     12,                 1.0535,                 1.4511,                 1.0133,                 1.3964,                0.90989,                0.92523,                0.94635,                0.62589,                 0.8967,                0.92523,                0.93295,                0.72262,                 1.1144,                 1.3027,                0.92595,                 1.7322,               0.001901,               0.001901,               0.001901
                     13,                 1.0495,                 1.5542,                 1.0258,                 1.4363,                0.89772,                0.88785,                0.93508,                0.64863,                0.91101,                 0.8972,                0.91778,                0.68533,                 1.0721,                 1.4162,                0.88169,                 1.6506,              0.0018911,              0.0018911,              0.0018911
                     14,                 1.0577,                 1.3852,                0.99423,                 1.4318,                0.82607,                 0.8785,                0.91329,                0.68907,                 0.7985,                0.85047,                0.88468,                0.64506,                 0.8879,                 1.4717,                0.84125,                 1.4719,              0.0018812,              0.0018812,              0.0018812
                     15,                0.98491,                 1.3448,                0.93319,                 1.3407,                 0.9133,                  0.886,                0.94751,                0.70192,                0.90337,                0.87375,                0.90303,                0.71102,                0.90074,                 1.4972,                0.84111,                 1.5091,              0.0018713,              0.0018713,              0.0018713
                     16,                  1.096,                 1.5732,                 1.0536,                 1.4518,                0.91086,                0.92523,                0.97745,                0.70908,                0.87309,                0.94393,                0.93953,                0.73868,                 0.9568,                 1.2843,                0.77585,                 1.5601,              0.0018614,              0.0018614,              0.0018614
                     17,                 1.0136,                 1.4108,                0.96455,                 1.3627,                0.95972,                0.89075,                0.96597,                0.70791,                0.94965,                 0.8814,                 0.9511,                0.75924,                0.90354,                 1.2524,                0.73861,                 1.4859,              0.0018515,              0.0018515,              0.0018515
                     18,                0.93542,                 1.2701,                0.87884,                 1.3256,                0.94575,                0.94393,                0.97888,                0.70609,                0.91766,                0.91589,                0.93987,                0.75297,                0.94666,                 1.2187,                 0.7192,                 1.5097,              0.0018416,              0.0018416,              0.0018416
                     19,                 1.0157,                 1.3198,                0.88238,                 1.3619,                0.89687,                0.91589,                0.95703,                0.70515,                0.88012,                 0.8972,                0.92828,                0.74284,                 1.0317,                 1.3175,                0.75393,                 1.6855,              0.0018317,              0.0018317,              0.0018317
                     20,                 0.9507,                 1.2255,                0.89712,                 1.3455,                0.91828,                0.94521,                0.96447,                0.70702,                0.92148,                0.91589,                0.94999,                0.74746,                0.95201,                 1.2489,                0.69974,                 1.5413,              0.0018218,              0.0018218,              0.0018218
                     21,                0.98235,                 1.4152,                0.92889,                 1.3424,                 0.8198,                0.90654,                0.94819,                0.65747,                0.84743,                0.88251,                0.93549,                0.72339,                 1.0181,                 1.2382,                0.83431,                 1.5821,              0.0018119,              0.0018119,              0.0018119
                     22,                0.93988,                 1.3813,                0.87847,                   1.33,                0.83956,                0.85981,                0.93266,                0.71172,                0.87271,                0.81308,                0.91369,                0.74073,                0.84506,                 1.2694,                0.81908,                 1.4737,               0.001802,               0.001802,               0.001802
                     23,                0.93413,                 1.3705,                0.86871,                 1.3198,                0.96168,                0.93827,                0.98427,                0.76841,                0.95165,                0.91976,                0.96368,                0.78693,                0.79967,                 1.1251,                  0.657,                 1.3898,              0.0017921,              0.0017921,              0.0017921
                     24,                0.89186,                 1.2877,                0.82675,                 1.3087,                0.95094,                 0.9057,                0.97207,                0.75041,                 0.9499,                0.88596,                0.94499,                0.76576,                0.84749,                 1.1507,                 0.6981,                  1.456,              0.0017822,              0.0017822,              0.0017822
                     25,                0.84678,                 1.2091,                0.77826,                 1.2635,                0.93272,                0.98131,                 0.9902,                0.79092,                0.96046,                0.90803,                0.95544,                0.80814,                0.75243,                 1.0221,                0.58093,                 1.3921,              0.0017723,              0.0017723,              0.0017723
                     26,                0.86557,                 1.2288,                0.78839,                 1.2829,                0.90761,                0.95327,                0.97346,                0.77051,                0.88962,                0.93458,                0.95299,                0.79038,                0.80678,                 1.1051,                0.62343,                 1.4511,              0.0017624,              0.0017624,              0.0017624
                     27,                0.85085,                 1.1268,                0.81189,                  1.284,                0.92417,                0.91126,                0.97771,                0.76418,                0.91472,                0.90219,                0.96456,                 0.8076,                0.75942,                 1.0505,                0.68406,                 1.3831,              0.0017525,              0.0017525,              0.0017525
                     28,                0.82376,                 1.1604,                0.78165,                 1.2692,                0.95212,                0.94393,                0.97819,                0.79539,                0.94269,                0.93458,                0.94865,                0.81658,                0.73671,                 1.0392,                0.60369,                  1.324,              0.0017426,              0.0017426,              0.0017426
                     29,                0.86991,                 1.2054,                 0.7962,                 1.2838,                0.97959,                0.89694,                0.97585,                0.78087,                0.95917,                0.87824,                0.95163,                0.75306,                0.77704,                 1.2008,                0.61166,                 1.3491,              0.0017327,              0.0017327,              0.0017327
                     30,                0.81869,                  1.112,                0.74505,                 1.2477,                0.89379,                0.95327,                0.95365,                0.75448,                0.90208,                0.94705,                 0.9406,                0.77891,                0.81254,                 1.1876,                0.64128,                 1.3889,              0.0017228,              0.0017228,              0.0017228
                     31,                0.81142,                 1.2022,                0.79614,                 1.2464,                0.92582,                0.96262,                0.97379,                0.74928,                0.91635,                0.95327,                0.96345,                0.82399,                0.78673,                0.96876,                0.68386,                 1.3478,              0.0017129,              0.0017129,              0.0017129
                     32,                0.83374,                 1.2495,                0.77316,                 1.2538,                0.95958,                0.88759,                0.96645,                0.76832,                0.95929,                0.88093,                0.95593,                0.82461,                0.75931,                0.96803,                0.61498,                 1.3973,               0.001703,               0.001703,               0.001703
                     33,                0.77093,                 1.1337,                0.72849,                 1.1845,                0.95986,                0.94393,                0.98757,                0.81295,                0.95986,                0.94393,                0.98612,                0.82671,                0.69106,                0.93727,                0.52964,                 1.3045,              0.0016931,              0.0016931,              0.0016931
                     34,                0.78955,                 1.1189,                0.71686,                 1.2368,                0.93196,                0.95327,                0.97728,                0.79575,                0.92238,                0.94393,                0.96122,                0.81265,                0.75073,                 1.0318,                0.56662,                 1.3518,              0.0016832,              0.0016832,              0.0016832
                     35,                0.75584,                 1.0461,                0.71831,                 1.2035,                0.94284,                0.96262,                0.98691,                0.81861,                0.93368,                0.95327,                0.96065,                0.83014,                0.69476,                 1.1199,                0.52945,                 1.3469,              0.0016733,              0.0016733,              0.0016733
                     36,                0.76364,                 1.0387,                0.69174,                 1.1969,                0.94418,                0.94854,                0.98782,                0.79666,                0.94331,                0.94393,                0.96185,                0.79706,                0.74735,                 1.0215,                0.57022,                 1.3776,              0.0016634,              0.0016634,              0.0016634
                     37,                0.74616,                 1.0515,                0.67226,                 1.2045,                0.97048,                0.92187,                 0.9886,                0.79759,                0.97909,                0.91589,                0.97634,                0.83724,                0.74006,                0.95716,                0.55381,                 1.3366,              0.0016535,              0.0016535,              0.0016535
                     38,                0.73334,                 1.0026,                0.66151,                 1.1874,                0.94441,                0.95264,                0.97837,                0.78569,                0.93516,                0.94348,                 0.9585,                0.81655,                0.74943,                0.99979,                 0.5729,                 1.3177,              0.0016436,              0.0016436,              0.0016436
                     39,                0.74284,                 1.0856,                0.73191,                 1.1898,                0.89648,                0.97121,                0.98347,                0.81699,                0.87904,                0.95087,                0.95734,                0.81677,                 0.6796,                 1.0411,                 0.5388,                  1.264,              0.0016337,              0.0016337,              0.0016337
                     40,                0.76451,                 1.0291,                 0.6791,                 1.1991,                0.94371,                0.94006,                0.98002,                0.79168,                0.93432,                0.93071,                0.97002,                0.81923,                0.74498,                 1.0541,                0.53058,                 1.3179,              0.0016238,              0.0016238,              0.0016238
                     41,                0.72053,                  0.955,                 0.6578,                  1.165,                0.98283,                0.95327,                0.99244,                0.79857,                 0.9732,                0.94393,                 0.9745,                0.81703,                0.69433,                0.98948,                0.51139,                 1.3321,              0.0016139,              0.0016139,              0.0016139
                     42,                0.77256,                 1.1233,                 0.7026,                 1.2097,                0.95422,                0.97405,                 0.9903,                 0.7481,                 0.9286,                0.94393,                0.94736,                0.82923,                0.75828,                0.91804,                0.60258,                 1.3482,               0.001604,               0.001604,               0.001604
                     43,                0.78334,                 1.0776,                0.70824,                  1.216,                0.95934,                0.91589,                0.97276,                0.79067,                0.95085,                0.90397,                 0.9438,                0.81841,                0.70885,                  1.014,                0.59778,                 1.2835,              0.0015941,              0.0015941,              0.0015941
                     44,                0.68114,                0.90867,                0.59914,                  1.146,                0.91965,                0.98131,                0.98774,                 0.8316,                0.91082,                0.97196,                0.97957,                0.86593,                0.63608,                0.86522,                0.49112,                 1.2474,              0.0015842,              0.0015842,              0.0015842
                     45,                0.71699,                0.97319,                0.64727,                 1.1607,                0.98144,                0.98833,                0.99434,                0.84366,                0.95364,                0.96122,                0.96281,                0.83844,                0.61601,                0.88039,                0.48293,                 1.1932,              0.0015743,              0.0015743,              0.0015743
                     46,                0.71488,                0.94218,                0.63301,                 1.1565,                0.97855,                0.97196,                0.99076,                0.84014,                0.96914,                0.96262,                0.96325,                0.85921,                0.63595,                0.89416,                0.44713,                 1.2112,              0.0015644,              0.0015644,              0.0015644
                     47,                0.71383,                0.92922,                 0.6386,                 1.1664,                0.95922,                0.97196,                   0.99,                0.84014,                   0.95,                0.96262,                0.98844,                0.86253,                0.61506,                0.80153,                0.48866,                 1.2256,              0.0015545,              0.0015545,              0.0015545
                     48,                0.70859,                 1.0387,                0.66379,                 1.1528,                0.96241,                0.95719,                0.98672,                0.81493,                0.94362,                 0.9385,                0.98049,                0.83942,                 0.6588,                0.92585,                 0.5113,                 1.3088,              0.0015446,              0.0015446,              0.0015446
                     49,                 0.7153,                 1.0797,                0.65469,                  1.164,                0.96227,                0.95338,                0.98383,                0.80573,                0.97159,                0.96262,                0.97755,                0.84353,                0.69781,                0.93229,                0.54603,                 1.2813,              0.0015347,              0.0015347,              0.0015347
                     50,                0.69227,                 1.0311,                0.65409,                 1.1469,                0.98002,                0.95327,                 0.9919,                 0.8037,                0.95456,                0.94393,                0.95958,                0.82716,                0.70912,                 0.8996,                  0.536,                 1.2804,              0.0015248,              0.0015248,              0.0015248
                     51,                0.65529,                0.92815,                0.61081,                   1.12,                0.97698,                0.96262,                0.98913,                0.81976,                0.97698,                0.96262,                0.96639,                0.84553,                0.65458,                0.92257,                0.51414,                 1.2679,              0.0015149,              0.0015149,              0.0015149
                     52,                0.74958,                0.98249,                0.63571,                  1.195,                0.98183,                0.94393,                0.99064,                0.81864,                0.97109,                0.90654,                0.94541,                 0.8496,                0.63703,                 1.0158,                0.50867,                  1.231,               0.001505,               0.001505,               0.001505
                     53,                0.66792,                0.98762,                0.61271,                 1.1269,                0.99039,                0.96323,                0.99358,                0.84126,                0.98781,                0.94393,                0.96723,                0.84733,                0.61852,                0.92606,                0.45512,                 1.2534,              0.0014951,              0.0014951,              0.0014951
                     54,                0.62335,                0.81568,                0.55917,                 1.0761,                0.97814,                0.95327,                0.98212,                0.81875,                0.96841,                0.94393,                0.95825,                0.83996,                 0.6526,                0.97105,                0.51549,                  1.283,              0.0014852,              0.0014852,              0.0014852
                     55,                0.66277,                0.87746,                0.59914,                  1.107,                0.89408,                0.94673,                0.97132,                0.79648,                0.89411,                0.91589,                0.94859,                0.80986,                0.68127,                0.83345,                0.55187,                 1.2868,              0.0014753,              0.0014753,              0.0014753
                     56,                0.62289,                0.87592,                0.56588,                   1.11,                0.97866,                0.95327,                0.98598,                0.84097,                0.96775,                0.94393,                0.96704,                0.83441,                0.61567,                0.89737,                0.49283,                 1.2183,              0.0014654,              0.0014654,              0.0014654
                     57,                0.63382,                0.92469,                0.58745,                 1.1055,                0.96317,                0.93458,                0.98463,                0.82726,                0.96317,                0.93458,                0.97278,                0.82977,                0.66747,                0.93171,                0.52822,                 1.2588,              0.0014555,              0.0014555,              0.0014555
                     58,                 0.6187,                0.91301,                0.54932,                 1.0955,                0.93669,                0.98131,                0.98284,                0.82431,                0.94608,                0.94393,                0.96535,                0.83796,                 0.6476,                0.97062,                0.50146,                 1.2663,              0.0014456,              0.0014456,              0.0014456
                     59,                0.60382,                0.82133,                0.52883,                 1.0928,                0.97163,                0.96012,                0.98893,                0.85792,                0.95276,                0.94249,                0.96149,                0.84937,                 0.5821,                0.89392,                0.45609,                 1.1965,              0.0014357,              0.0014357,              0.0014357
                     60,                0.61437,                0.87001,                0.53759,                 1.1242,                0.98088,                0.95889,                0.99301,                0.84486,                0.97125,                0.94725,                0.96569,                0.85312,                0.61385,                0.95447,                0.44776,                 1.2079,              0.0014258,              0.0014258,              0.0014258
                     61,                0.67413,                0.98598,                0.62113,                 1.1535,                0.97174,                0.96422,                0.99223,                 0.8318,                0.98054,                0.94198,                0.96744,                0.85888,                0.61142,                0.86522,                0.48104,                 1.2117,              0.0014159,              0.0014159,              0.0014159
                     62,                0.59968,                0.90992,                0.55937,                 1.1003,                0.96504,                0.97196,                 0.9931,                0.83809,                0.97097,                0.93778,                0.96409,                0.83908,                0.62093,                  1.042,                0.48446,                 1.2178,               0.001406,               0.001406,               0.001406
                     63,                0.60318,                0.88181,                0.53783,                 1.0892,                0.97179,                0.96593,                0.99301,                0.84481,                 0.9624,                 0.9569,                 0.9824,                0.85147,                0.63469,                0.99494,                 0.4468,                 1.2563,              0.0013961,              0.0013961,              0.0013961
                     64,                0.61784,                0.89584,                0.55161,                  1.113,                0.97822,                0.97196,                0.99228,                0.87519,                0.99638,                0.95327,                0.98373,                0.86131,                0.56819,                0.97309,                0.40763,                  1.174,              0.0013862,              0.0013862,              0.0013862
                     65,                0.59836,                 0.8933,                   0.53,                 1.0842,                0.98999,                0.92426,                0.98887,                0.85299,                0.98031,                0.93066,                0.97375,                0.86141,                0.60705,                0.92712,                 0.4025,                 1.2676,              0.0013763,              0.0013763,              0.0013763
                     66,                0.61695,                0.88518,                 0.5555,                 1.1033,                0.96296,                0.97198,                0.99304,                 0.8422,                0.94449,                 0.9541,                0.97265,                0.85261,                0.58961,                0.94712,                0.40337,                 1.2694,              0.0013664,              0.0013664,              0.0013664
                     67,                0.63943,                0.92204,                0.57327,                 1.1139,                0.94635,                0.98923,                  0.991,                0.85472,                0.94118,                0.95327,                0.95438,                0.85399,                0.56891,                0.85529,                0.42576,                 1.1965,              0.0013565,              0.0013565,              0.0013565
                     68,                0.59186,                0.90005,                0.53629,                 1.0908,                0.95488,                0.97196,                0.98966,                0.84207,                0.94536,                0.96262,                0.98019,                0.87116,                0.59886,                0.81363,                0.45592,                 1.2068,              0.0013466,              0.0013466,              0.0013466
                     69,                0.61306,                0.88195,                0.54275,                 1.0803,                  0.971,                0.97196,                0.99319,                0.88453,                0.95963,                0.96262,                0.97479,                0.87273,                0.53485,                0.85597,                0.42781,                 1.1213,              0.0013367,              0.0013367,              0.0013367
                     70,                0.57313,                0.79785,                0.51336,                 1.0657,                0.98071,                0.95027,                0.99026,                0.86379,                0.97082,                0.93281,                0.96137,                0.85292,                0.56284,                0.91965,                0.43959,                 1.1834,              0.0013268,              0.0013268,              0.0013268
                     71,                 0.5881,                0.87334,                0.54326,                 1.0905,                0.96045,                0.96262,                0.98505,                0.84164,                 0.9417,                0.94393,                0.96082,                0.85966,                0.58326,                0.92113,                0.44772,                  1.202,              0.0013169,              0.0013169,              0.0013169
                     72,                0.57013,                0.79959,                0.51467,                  1.085,                0.95072,                0.99065,                0.99279,                0.85314,                0.97524,                0.92523,                0.96288,                0.86434,                0.60614,                0.83313,                  0.463,                 1.2067,               0.001307,               0.001307,               0.001307
                     73,                0.53352,                0.78865,                0.48847,                 1.0403,                0.97957,                0.97196,                0.99146,                0.85731,                0.96979,                0.96262,                0.97741,                0.86399,                0.55984,                0.79303,                 0.4403,                 1.1653,              0.0012971,              0.0012971,              0.0012971
                     74,                0.57735,                0.89687,                0.52322,                 1.0758,                0.98111,                0.97073,                0.99273,                0.84714,                0.97166,                0.96138,                0.97398,                0.85466,                0.59137,                  0.938,                0.42977,                 1.2129,              0.0012872,              0.0012872,              0.0012872
                     75,                0.56533,                0.82245,                0.52666,                 1.0735,                 0.9621,                0.94905,                0.97429,                0.80641,                0.96542,                0.93458,                0.97394,                0.83367,                0.63077,                0.96654,                0.43073,                 1.2565,              0.0012773,              0.0012773,              0.0012773
                     76,                0.53846,                0.81638,                0.47672,                  1.067,                0.96676,                0.97196,                0.98967,                0.85493,                0.94768,                0.95327,                0.97653,                0.84193,                0.56399,                0.88132,                0.39818,                 1.1758,              0.0012674,              0.0012674,              0.0012674
                     77,                0.56513,                0.79691,                0.48267,                 1.0539,                0.97121,                0.99065,                0.99435,                0.84498,                0.95994,                0.97196,                 0.9827,                0.84697,                 0.6213,                 0.8771,                0.42075,                 1.2229,              0.0012575,              0.0012575,              0.0012575
                     78,                 0.6318,                 0.8537,                0.54682,                 1.1148,                0.97865,                0.99065,                0.99472,                0.85282,                0.99813,                0.97196,                0.98545,                 0.8665,                0.57639,                  0.739,                0.40784,                 1.1908,              0.0012476,              0.0012476,              0.0012476
                     79,                0.56842,                0.81196,                0.48416,                 1.0818,                  0.962,                0.94648,                0.99018,                0.82795,                  0.962,                0.94648,                0.98484,                0.86179,                0.61347,                0.75553,                0.47033,                 1.2525,              0.0012377,              0.0012377,              0.0012377
                     80,                0.52809,                 0.7556,                0.49228,                 1.0322,                0.98597,                0.97196,                0.99324,                0.86547,                0.98104,                0.96741,                0.98464,                 0.8706,                0.53492,                 0.8283,                 0.4351,                  1.167,              0.0012278,              0.0012278,              0.0012278
                     81,                0.55007,                0.84995,                0.51387,                 1.0672,                0.95228,                0.96262,                0.98778,                0.84167,                0.94303,                0.95327,                0.96659,                0.85487,                0.58456,                0.82843,                 0.4603,                 1.1832,              0.0012179,              0.0012179,              0.0012179
                     82,                0.55343,                0.81069,                0.50034,                 1.0487,                0.98091,                0.96048,                0.99147,                0.84148,                0.97137,                0.95114,                0.98591,                0.86185,                0.57845,                0.80095,                0.44488,                 1.1824,               0.001208,               0.001208,               0.001208
                     83,                0.57162,                0.78035,                0.51406,                 1.0715,                 0.9713,                0.98131,                0.98562,                0.83037,                0.95275,                0.96262,                0.96304,                0.86594,                0.57795,                0.83258,                0.42109,                  1.181,              0.0011981,              0.0011981,              0.0011981
                     84,                0.53826,                0.76307,                0.48299,                 1.0649,                0.97569,                0.95327,                0.99059,                 0.8274,                0.98069,                0.94945,                0.96974,                0.84545,                0.65086,                0.99222,                0.45386,                 1.2968,              0.0011882,              0.0011882,              0.0011882
                     85,                0.59132,                0.83622,                0.50658,                 1.0774,                0.98096,                0.96322,                0.99309,                0.84723,                0.98339,                0.96262,                0.99123,                0.86481,                0.61367,                0.89104,                0.43915,                 1.2261,              0.0011783,              0.0011783,              0.0011783
                     86,                0.53675,                0.79038,                0.47851,                 1.0407,                0.98946,                0.97196,                0.99407,                0.85679,                0.98043,                0.93635,                0.98339,                0.85233,                0.59278,                0.83073,                0.37766,                 1.1977,              0.0011684,              0.0011684,              0.0011684
                     87,                0.57021,                0.86149,                0.48314,                 1.0893,                  0.978,                0.94393,                0.98811,                0.86747,                0.95863,                0.92523,                0.97338,                0.85512,                0.57393,                0.89042,                0.42216,                 1.1853,              0.0011585,              0.0011585,              0.0011585
                     88,                 0.5436,                 0.8117,                0.48469,                  1.081,                 0.9784,                0.96262,                0.97741,                0.85026,                0.95933,                0.94393,                0.96759,                0.85328,                0.55368,                0.95576,                 0.4021,                 1.1764,              0.0011486,              0.0011486,              0.0011486
                     89,                0.52221,                0.80044,                0.46342,                 1.0423,                0.97132,                0.97196,                0.98481,                0.86389,                0.95986,                0.96262,                0.96905,                0.86392,                0.53061,                 0.8808,                0.44445,                 1.1468,              0.0011387,              0.0011387,              0.0011387
                     90,                0.53218,                0.76528,                0.45804,                 1.0635,                0.99019,                0.94325,                0.97652,                0.86408,                0.98038,                 0.9339,                0.96542,                0.86742,                0.56856,                0.93892,                0.39882,                  1.178,              0.0011288,              0.0011288,              0.0011288
                     91,                0.56164,                0.75472,                0.46598,                 1.0711,                      1,                0.97849,                0.99297,                0.87774,                0.97804,                0.95327,                0.97329,                0.87569,                0.54557,                0.87322,                0.37231,                 1.1517,              0.0011189,              0.0011189,              0.0011189
                     92,                0.49726,                0.77137,                0.47359,                 1.0258,                 0.9973,                0.96262,                0.99339,                0.90253,                0.97783,                0.94393,                 0.9815,                0.89248,                0.48767,                0.82569,                0.34388,                 1.1009,               0.001109,               0.001109,               0.001109
                     93,                0.52394,                0.77517,                0.46725,                 1.0454,                0.99055,                 0.9799,                0.99361,                0.87965,                0.97166,                0.96121,                0.97187,                0.88785,                0.49458,                 0.7742,                0.34817,                 1.1128,              0.0010991,              0.0010991,              0.0010991
                     94,                0.50245,                0.80568,                0.44862,                 1.0244,                0.98642,                0.96262,                0.99266,                0.89515,                0.97649,                0.95327,                0.98622,                0.88171,                0.48659,                0.77758,                0.37854,                 1.0998,              0.0010892,              0.0010892,              0.0010892
                     95,                0.46685,                0.76323,                0.41794,                0.99927,                0.96551,                0.96262,                0.99062,                0.88364,                0.95572,                0.95327,                 0.9729,                0.87856,                0.49285,                0.85748,                0.40433,                 1.1143,              0.0010793,              0.0010793,              0.0010793
                     96,                0.49105,                0.72584,                0.42176,                  1.022,                0.97192,                0.97038,                0.98962,                0.88075,                0.96256,                0.96111,                0.96739,                0.88679,                0.50019,                0.87413,                0.38784,                 1.1115,              0.0010694,              0.0010694,              0.0010694
                     97,                0.51275,                0.71875,                0.47188,                  1.044,                0.97971,                0.97196,                0.98934,                0.87961,                0.97029,                0.96262,                0.96842,                0.89627,                0.50079,                 0.8858,                0.38358,                 1.1107,              0.0010595,              0.0010595,              0.0010595
                     98,                0.48976,                0.72035,                0.44519,                 1.0211,                0.94483,                0.99065,                0.99241,                0.89353,                0.97936,                0.92523,                0.97411,                0.88771,                0.50205,                0.81212,                 0.3712,                 1.1168,              0.0010496,              0.0010496,              0.0010496
                     99,                0.51736,                0.73096,                 0.4499,                 1.0318,                0.98629,                0.96262,                0.99285,                0.85651,                 0.9624,                0.94393,                 0.9628,                0.87364,                 0.5841,                0.86675,                0.40372,                 1.2166,              0.0010397,              0.0010397,              0.0010397
                    100,                0.48892,                 0.7458,                0.45295,                 1.0154,                0.97217,                0.97956,                0.99247,                0.88152,                0.98091,                0.96037,                0.97348,                0.88549,                0.51426,                0.92837,                0.34858,                 1.1345,              0.0010298,              0.0010298,              0.0010298
                    101,                0.48144,                0.70084,                0.43213,                 1.0174,                0.98676,                0.97196,                 0.9886,                0.88662,                0.97054,                0.96262,                0.97016,                0.86821,                 0.4996,                0.90973,                0.33713,                 1.1295,              0.0010199,              0.0010199,              0.0010199
                    102,                0.47549,                0.73744,                 0.4116,                 1.0103,                0.99705,                0.97196,                0.99198,                0.88041,                0.98086,                0.95327,                0.97245,                0.86639,                 0.4987,                 0.9868,                0.37803,                 1.1152,                0.00101,                0.00101,                0.00101
                    103,                0.52322,                0.79508,                0.45389,                 1.0372,                0.98592,                0.97196,                0.98982,                0.88076,                0.97618,                0.96262,                0.97421,                0.86042,                0.50952,                0.92352,                0.37993,                 1.1349,              0.0010001,              0.0010001,              0.0010001
                    104,                0.48604,                0.72345,                0.42433,                 1.0083,                0.99488,                0.98131,                0.99438,                0.89271,                0.98541,                0.97196,                0.99202,                0.87697,                0.51001,                0.81976,                 0.3439,                 1.1231,              0.0009902,              0.0009902,              0.0009902
                    105,                0.46932,                0.70247,                0.41066,                 1.0124,                0.98128,                0.97958,                0.99416,                0.89554,                0.95693,                0.96262,                0.97453,                0.89389,                0.49697,                0.73304,                0.33527,                 1.1144,              0.0009803,              0.0009803,              0.0009803
                    106,                0.49071,                0.70632,                0.41995,                 1.0204,                0.95243,                0.97196,                0.99171,                0.87531,                0.95243,                0.97196,                0.99049,                0.88092,                0.51957,                0.75502,                0.35853,                 1.1147,              0.0009704,              0.0009704,              0.0009704
                    107,                0.46984,                0.70921,                0.41755,                0.99954,                0.99354,                0.97196,                0.99446,                0.89252,                 0.9714,                0.98131,                0.99351,                0.89404,                0.51218,                0.77336,                0.34696,                 1.1405,              0.0009605,              0.0009605,              0.0009605
                    108,                 0.4744,                0.72521,                 0.4029,                 1.0119,                 0.9881,                0.98131,                0.99453,                0.89045,                0.98071,                0.97196,                0.97671,                0.87527,                0.50046,                0.86911,                 0.3527,                 1.1328,              0.0009506,              0.0009506,              0.0009506
                    109,                0.49596,                0.69719,                0.43661,                 1.0199,                0.99733,                0.98131,                0.99481,                0.89644,                0.98016,                0.97196,                0.98442,                0.87659,                0.51088,                0.87453,                0.36873,                 1.1435,              0.0009407,              0.0009407,              0.0009407
                    110,                0.49144,                0.69241,                0.42522,                 1.0377,                0.99523,                0.99065,                  0.995,                0.88786,                 0.9722,                 0.9804,                0.98368,                0.88234,                0.51703,                0.83078,                0.34101,                 1.1575,              0.0009308,              0.0009308,              0.0009308
                    111,                 0.4615,                0.67669,                 0.3844,                 1.0047,                0.99776,                0.98131,                0.99414,                0.89135,                 0.9787,                0.96262,                0.98339,                0.87713,                 0.5248,                 0.8038,                0.37354,                  1.141,              0.0009209,              0.0009209,              0.0009209
                    112,                0.47636,                 0.7702,                0.42143,                 1.0135,                0.97244,                 0.9892,                0.99398,                0.89535,                0.95406,                0.97051,                 0.9829,                0.88704,                0.48235,                0.80508,                0.33436,                 1.0963,               0.000911,               0.000911,               0.000911
                    113,                0.47626,                0.73018,                0.41793,                 1.0153,                0.99921,                0.99065,                  0.995,                0.92054,                0.98027,                0.97196,                0.98447,                0.90223,                0.45185,                0.77915,                0.31074,                 1.0685,              0.0009011,              0.0009011,              0.0009011
                    114,                0.46897,                 0.7399,                0.41605,                0.99272,                      1,                0.96993,                0.99436,                0.91773,                0.99036,                0.96058,                0.97575,                0.89555,                0.46111,                0.91912,                0.33288,                 1.0733,              0.0008912,              0.0008912,              0.0008912
                    115,                0.46003,                0.69857,                0.39719,                 1.0167,                      1,                0.96178,                0.99435,                0.89727,                0.97085,                0.93393,                0.97945,                0.89221,                0.46074,                0.84372,                0.34667,                 1.0759,              0.0008813,              0.0008813,              0.0008813
                    116,                0.45491,                0.76096,                0.39967,                 0.9914,                      1,                0.98826,                  0.995,                0.89897,                0.98109,                0.96957,                0.98702,                0.89496,                0.44713,                0.77537,                0.31739,                 1.0882,              0.0008714,              0.0008714,              0.0008714
                    117,                 0.4209,                0.65566,                0.37573,                0.97768,                0.99947,                0.98131,                0.99491,                0.89359,                0.97793,                0.98131,                0.99203,                0.89023,                0.46585,                0.77947,                0.29337,                 1.0824,              0.0008615,              0.0008615,              0.0008615
                    118,                0.41365,                0.64143,                0.35894,                0.98039,                0.99888,                0.99065,                  0.995,                0.90274,                0.98672,                0.95327,                0.97486,                0.89039,                0.45668,                0.82577,                0.31061,                 1.0797,              0.0008516,              0.0008516,              0.0008516
                    119,                0.46126,                0.70486,                 0.3836,                 1.0124,                0.97875,                      1,                0.99453,                 0.9053,                0.97809,                0.97196,                0.98097,                0.89124,                0.45911,                0.80806,                0.32419,                 1.0839,              0.0008417,              0.0008417,              0.0008417
                    120,                0.43946,                0.67347,                0.39502,                0.99817,                0.96259,                0.99065,                 0.9938,                0.90152,                0.97136,                0.95102,                0.97033,                0.88702,                0.46332,                0.82982,                0.32116,                  1.059,              0.0008318,              0.0008318,              0.0008318
                    121,                0.43418,                0.63548,                0.36958,                0.99129,                0.97901,                0.98131,                0.99435,                0.89944,                0.98076,                0.95294,                0.97851,                0.88581,                0.49103,                0.89582,                0.30711,                  1.101,              0.0008219,              0.0008219,              0.0008219
                    122,                0.44571,                0.68275,                0.36814,                 1.0031,                0.97441,                0.98131,                0.99356,                0.88805,                0.97159,                0.95887,                0.96804,                0.87966,                0.48172,                0.96221,                0.32488,                 1.1036,               0.000812,               0.000812,               0.000812
                    123,                0.43649,                0.64805,                0.37208,                0.99064,                      1,                 0.9709,                0.99454,                 0.8992,                0.98075,                0.95237,                0.97452,                0.88118,                0.48325,                0.88565,                0.30536,                 1.1181,              0.0008021,              0.0008021,              0.0008021
                    124,                0.43452,                 0.6637,                0.40415,                0.99199,                0.99877,                0.98131,                0.99482,                0.90794,                0.98925,                0.97196,                0.99169,                0.89025,                 0.4474,                0.76786,                0.31068,                   1.08,              0.0007922,              0.0007922,              0.0007922
                    125,                 0.4518,                0.67291,                0.39315,                0.99519,                0.99068,                0.99296,                  0.995,                0.89547,                0.98137,                0.98445,                0.99236,                0.88691,                 0.4959,                0.75657,                0.31818,                 1.1346,              0.0007823,              0.0007823,              0.0007823
                    126,                0.44925,                0.65693,                0.36485,                 1.0047,                0.97988,                0.99065,                0.99444,                 0.9089,                0.97056,                0.98131,                0.99196,                0.90578,                0.46007,                0.73433,                0.29672,                 1.0741,              0.0007724,              0.0007724,              0.0007724
                    127,                0.43696,                0.68353,                0.36008,                0.98016,                      1,                0.99887,                  0.995,                0.90844,                0.97193,                0.97084,                0.98369,                0.90855,                0.47579,                 0.8197,                0.30448,                 1.1042,              0.0007625,              0.0007625,              0.0007625
                    128,                0.46463,                0.71149,                0.38857,                 1.0011,                      1,                0.98969,                  0.995,                0.88305,                0.98111,                  0.971,                0.98516,                0.89021,                0.52463,                0.83868,                0.30733,                 1.1876,              0.0007526,              0.0007526,              0.0007526
                    129,                0.45017,                0.70108,                0.39727,                0.99674,                0.97959,                0.97196,                0.99279,                0.88155,                0.96075,                0.95327,                0.96642,                0.87647,                0.50681,                0.73499,                0.33168,                 1.1619,              0.0007427,              0.0007427,              0.0007427
                    130,                0.46326,                0.65712,                0.38536,                 1.0152,                      1,                 0.9712,                0.98974,                0.89224,                0.98076,                0.95285,                0.96735,                0.87827,                0.46233,                0.74753,                0.33385,                  1.107,              0.0007328,              0.0007328,              0.0007328
                    131,                0.44438,                0.63462,                0.38342,                0.99022,                0.99891,                0.95327,                0.99232,                0.89479,                0.98911,                0.94393,                 0.9897,                0.89079,                0.48202,                0.77221,                0.34432,                 1.1097,              0.0007229,              0.0007229,              0.0007229
                    132,                0.43138,                0.65971,                0.37532,                0.98354,                0.97982,                      1,                0.99481,                0.89493,                      1,                0.95868,                0.97757,                0.89364,                0.49715,                0.84841,                0.32052,                  1.126,               0.000713,               0.000713,               0.000713
                    133,                0.40984,                0.64728,                0.36504,                 0.9632,                0.98945,                0.97196,                0.99331,                0.90057,                0.97989,                0.96262,                 0.9768,                0.89884,                0.47956,                0.87806,                0.30987,                 1.0991,              0.0007031,              0.0007031,              0.0007031
                    134,                0.42884,                0.64448,                0.36904,                0.98821,                0.99712,                0.99065,                  0.995,                0.89977,                 0.9712,                0.96262,                0.97602,                0.89588,                0.47381,                0.81439,                0.30441,                 1.1111,              0.0006932,              0.0006932,              0.0006932
                    135,                 0.4156,                0.62923,                0.37015,                0.97744,                 0.9811,                0.97037,                0.98521,                0.89273,                0.96139,                0.96262,                0.97499,                0.89302,                0.47595,                 0.8094,                0.30741,                 1.1221,              0.0006833,              0.0006833,              0.0006833
                    136,                0.40071,                0.65994,                0.35443,                0.96455,                0.99055,                0.97923,                0.99253,                0.91244,                0.98109,                0.96989,                0.98278,                0.90185,                 0.4374,                0.75836,                0.28058,                 1.0685,              0.0006734,              0.0006734,              0.0006734
                    137,                0.42997,                0.68923,                0.38645,                0.99953,                0.97241,                      1,                0.99453,                0.90773,                0.95413,                0.98131,                0.98314,                0.89964,                0.44651,                0.70619,                0.28415,                 1.0864,              0.0006635,              0.0006635,              0.0006635
                    138,                0.38084,                0.60371,                0.33488,                0.96307,                0.97215,                0.99065,                0.99426,                0.90829,                0.96298,                0.98131,                0.98298,                0.90539,                0.46802,                0.76682,                0.29334,                 1.0838,              0.0006536,              0.0006536,              0.0006536
                    139,                0.39812,                0.66138,                0.35692,                 0.9723,                0.98005,                0.99065,                0.99453,                0.91391,                 0.9708,                0.98131,                 0.9832,                0.90679,                0.45434,                0.82444,                0.28492,                 1.0788,              0.0006437,              0.0006437,              0.0006437
                    140,                0.42055,                0.63637,                 0.3668,                0.97545,                 0.9695,                0.99065,                0.99397,                0.90885,                0.96036,                0.98131,                0.98345,                0.90266,                0.43094,                0.70694,                0.29532,                 1.0561,              0.0006338,              0.0006338,              0.0006338
                    141,                0.38982,                0.61475,                0.34462,                0.95511,                 0.9896,                0.99065,                0.99444,                 0.9146,                0.97132,                0.98131,                0.98709,                 0.8981,                0.42905,                0.79395,                0.31152,                 1.0412,              0.0006239,              0.0006239,              0.0006239
                    142,                0.39192,                0.59283,                0.34101,                0.95522,                0.99055,                0.98003,                0.99287,                0.91274,                0.96222,                0.95202,                0.97343,                0.90253,                0.45441,                0.77321,                0.31719,                 1.0815,               0.000614,               0.000614,               0.000614
                    143,                0.39697,                0.60357,                0.35521,                0.97272,                0.99615,                0.98131,                0.98651,                0.89129,                0.97092,                0.96262,                0.96644,                0.88981,                0.47472,                0.91543,                0.33622,                 1.0916,              0.0006041,              0.0006041,              0.0006041
                    144,                0.41559,                0.64535,                 0.3673,                 0.9668,                0.99056,                0.98099,                 0.9864,                0.89091,                0.96226,                0.95304,                0.96559,                 0.8838,                0.46356,                0.92868,                0.31704,                 1.0978,              0.0005942,              0.0005942,              0.0005942
                    145,                0.40126,                0.62136,                0.35894,                0.96772,                0.99826,                0.96262,                0.99288,                0.89316,                0.97887,                0.94393,                0.96772,                0.89358,                0.44624,                0.85196,                0.33061,                 1.0783,              0.0005843,              0.0005843,              0.0005843
                    146,                0.40977,                0.60946,                0.36251,                0.96273,                0.98865,                0.98131,                0.99409,                 0.8966,                0.99028,                0.95193,                0.98738,                  0.895,                0.44905,                0.83513,                0.33005,                 1.0742,              0.0005744,              0.0005744,              0.0005744
                    147,                0.39732,                0.61896,                0.35831,                0.96036,                0.97959,                0.97196,                0.98826,                0.89261,                0.96075,                0.95327,                0.96864,                0.88405,                0.45309,                0.88234,                0.32727,                 1.0797,              0.0005645,              0.0005645,              0.0005645
                    148,                0.35308,                0.57475,                0.30914,                0.93939,                0.99908,                0.99065,                  0.995,                0.88926,                0.98063,                0.97196,                0.98038,                 0.8997,                0.46948,                0.82163,                0.29739,                 1.1096,              0.0005546,              0.0005546,              0.0005546
                    149,                0.36892,                0.57249,                0.32252,                0.94392,                0.98997,                0.99065,                0.99491,                0.90359,                0.98094,                0.96212,                0.98201,                0.89325,                0.44978,                0.82234,                0.28463,                 1.0855,              0.0005447,              0.0005447,              0.0005447
                    150,                0.37714,                0.60328,                0.32757,                0.97471,                0.99918,                0.99065,                  0.995,                0.91463,                0.98033,                0.97196,                0.98137,                0.89208,                0.43547,                 0.8361,                0.27047,                 1.0793,              0.0005348,              0.0005348,              0.0005348
                    151,                0.38053,                0.56667,                0.32813,                0.95229,                0.99756,                0.98131,                0.99438,                0.90478,                0.96906,                0.95327,                0.97595,                0.89678,                0.43745,                0.81173,                0.30098,                 1.0936,              0.0005249,              0.0005249,              0.0005249
                    152,                0.39081,                0.61253,                0.32992,                0.95397,                0.98218,                0.98131,                0.99087,                0.90546,                0.98843,                0.95327,                0.97467,                0.89237,                0.46377,                0.84936,                 0.3214,                 1.1196,               0.000515,               0.000515,               0.000515
                    153,                0.38962,                0.62895,                0.34411,                0.96061,                0.99907,                0.98131,                0.99481,                0.90541,                      1,                0.95874,                0.97863,                0.90348,                0.43714,                0.79077,                0.31502,                 1.0885,              0.0005051,              0.0005051,              0.0005051
                    154,                0.36074,                0.59923,                0.31167,                0.93366,                0.98982,                0.98131,                0.99387,                0.91014,                0.97747,                0.96262,                0.97685,                0.90215,                0.44112,                0.75607,                0.29301,                 1.0702,              0.0004952,              0.0004952,              0.0004952
                    155,                0.35027,                0.53886,                0.30725,                0.93788,                0.99868,                0.99065,                  0.995,                 0.9108,                0.98621,                0.97196,                 0.9849,                0.90129,                0.42493,                0.72631,                0.27769,                 1.0527,              0.0004853,              0.0004853,              0.0004853
                    156,                0.38128,                0.63465,                0.31451,                0.96242,                0.99919,                0.99065,                  0.995,                 0.9158,                0.98031,                0.97196,                0.97663,                0.88733,                0.41751,                 0.7661,                0.27867,                 1.0453,              0.0004754,              0.0004754,              0.0004754
                    157,                 0.3802,                0.60169,                0.32219,                0.95521,                 0.9994,                0.99065,                  0.995,                0.91668,                 0.9805,                0.97196,                0.97502,                0.88899,                 0.4111,                0.82215,                0.26579,                 1.0428,              0.0004655,              0.0004655,              0.0004655
                    158,                0.37334,                0.57139,                 0.3169,                0.95002,                0.99994,                0.99065,                  0.995,                0.91794,                0.98909,                0.97196,                0.97628,                0.89338,                0.41039,                0.87381,                0.28692,                 1.0359,              0.0004556,              0.0004556,              0.0004556
                    159,                 0.3783,                0.59841,                0.31924,                0.95865,                0.99056,                 0.9804,                0.99115,                0.92232,                0.98008,                0.96262,                0.97258,                0.88768,                0.40779,                 0.8821,                0.27783,                 1.0207,              0.0004457,              0.0004457,              0.0004457
                    160,                0.36513,                0.58604,                0.30087,                0.94695,                0.99704,                0.96262,                0.99065,                0.90845,                0.98034,                0.97196,                0.98023,                 0.8875,                0.43014,                0.83716,                0.28203,                 1.0393,              0.0004358,              0.0004358,              0.0004358
                    161,                0.37227,                 0.5856,                0.33253,                0.97284,                0.99686,                0.97196,                0.98644,                0.91479,                0.98728,                0.96262,                 0.9767,                0.89287,                0.42685,                0.78137,                0.29051,                 1.0491,              0.0004259,              0.0004259,              0.0004259
                    162,                0.35565,                0.57165,                0.31501,                0.93939,                      1,                0.97093,                0.98645,                0.91087,                0.97746,                0.98131,                0.98491,                0.88813,                0.43973,                0.77929,                0.28399,                 1.0685,               0.000416,               0.000416,               0.000416
                    163,                0.34901,                0.57684,                0.31396,                0.93168,                0.98828,                0.97196,                0.99327,                 0.9141,                0.99056,                0.98081,                0.98642,                0.89291,                0.42515,                 0.7888,                0.26966,                 1.0605,              0.0004061,              0.0004061,              0.0004061
